EmployeeID;EmployeeName;Site;ManagerName
N772493;Onita Trojan;Spokane, WA;Deidre Robbs
F533051;Stormy Seller;Aurora, CO;Elsie Taplin
S564705;Mable Ayoub;Aurora, CO;Shala Lion
I281837;Latrisha Buckalew;Aurora, CO;Rana Taub
Y193775;Adrianna Duque;Spokane, WA;Collin Trotman
J632516;Keiko Daulton;Spokane, WA;Jamar Prahl
G727038;Dolores Lundeen;Aurora, CO;Shala Lion
V126561;Wilbur Mohl;Jacksonville, FL;Casey Bainbridge
E243130;Ileen Bornstein;Jacksonville, FL;Gonzalo Lesage
C206355;Janeth Roesler;Spokane, WA;Miyoko Degraw
G586239;Shery Hover;Aurora, CO;Elsie Taplin
M163408;Trevor Cerda;Spokane, WA;Collin Trotman
H438047;Debora Wilker;Spokane, WA;Collin Trotman
T659609;Kelvin Nicoletti;Spokane, WA;Jamar Prahl
P286634;Rafael Langton;Aurora, CO;Elsie Taplin
T387561;Alla Winkel;Jacksonville, FL;Ardath Ducharme
J419954;Harrison Finlayson;Aurora, CO;Rana Taub
N470942;Caterina Jantz;Spokane, WA;Miyoko Degraw
B971624;Agripina Snively;Aurora, CO;Elsie Taplin
O856292;Rosenda Korus;Jacksonville, FL;Gonzalo Lesage
T664783;Ivette Rodenberg;Jacksonville, FL;Gonzalo Lesage
U194381;Beulah Aubert;Jacksonville, FL;Ardath Ducharme
N119221;Aleida Singh;Aurora, CO;Elsie Taplin
M855788;Janice Clatterbuck;Spokane, WA;Collin Trotman
K222775;Junie Grant;Jacksonville, FL;Casey Bainbridge
E988252;Brittanie Ballin;Jacksonville, FL;Casey Bainbridge
Q921541;Sheila Garcia;Aurora, CO;Elsie Taplin
B651033;Aletha Dejonge;Aurora, CO;Shala Lion
B861430;Mireya Paz;Aurora, CO;Rana Taub
V732706;Lavonia Hypes;Jacksonville, FL;Casey Bainbridge
N620104;Morton Goff;Jacksonville, FL;Abbie Leadbetter
J549755;Luvenia Mattinson;Aurora, CO;Nova Harshberger
M794992;Ursula Granato;Spokane, WA;Deidre Robbs
V828034;Chantell Tibbits;Spokane, WA;Jamar Prahl
I992869;Carley Askew;Aurora, CO;Nova Harshberger
U641256;Hanna Kaczynski;Jacksonville, FL;Casey Bainbridge
X409223;Jacob Farney;Spokane, WA;Deidre Robbs
A166733;Tameka Ostrow;Jacksonville, FL;Casey Bainbridge
L736768;Dwana Rymer;Spokane, WA;Jamar Prahl
E137708;Summer Wimbish;Jacksonville, FL;Ardath Ducharme
S274120;Racheal Waddell;Aurora, CO;Rana Taub
K399501;Nestor Yoakum;Spokane, WA;Jamar Prahl
P203824;Jon Baptista;Spokane, WA;Jamar Prahl
K669566;Jenni Brammer;Aurora, CO;Shala Lion
U559430;Eda Bumbrey;Aurora, CO;Rana Taub
S704443;Ghislaine Alban;Jacksonville, FL;Abbie Leadbetter
T398672;Sheba Ary;Jacksonville, FL;Gonzalo Lesage
K915074;Margot Armbruster;Jacksonville, FL;Casey Bainbridge
J173690;Bruno Currie;Jacksonville, FL;Ardath Ducharme
D411745;Milford Balls;Spokane, WA;Jamar Prahl
C319958;Noella Valentin;Aurora, CO;Nova Harshberger
V228277;Malik Nowlen;Aurora, CO;Nova Harshberger
K418200;Susy Burgamy;Spokane, WA;Miyoko Degraw
J192194;Kortney Deacon;Jacksonville, FL;Ardath Ducharme
X110622;Larissa Drouin;Jacksonville, FL;Gonzalo Lesage
A475155;Karren Shaddix;Aurora, CO;Rana Taub
X991580;Veronika Fitzsimmons;Spokane, WA;Collin Trotman
I543040;Blythe Welles;Jacksonville, FL;Ardath Ducharme
D774655;Krysta Favero;Jacksonville, FL;Ardath Ducharme
K273930;Dorathy Staiger;Jacksonville, FL;Abbie Leadbetter
F542348;Wynona Hornick;Jacksonville, FL;Abbie Leadbetter
E778362;Deandre Smyre;Spokane, WA;Collin Trotman
O362956;Ellena Ball;Aurora, CO;Shala Lion
X825147;Rosalba Severs;Aurora, CO;Elsie Taplin
